{
  "metadata": {
    "embodiment_type":    "bridge_orig_lerobot",
    "pose_convention":    "backward_framewise",
    "rotation_format":    "rot6d",
    "action_dim":         10,
    "skip_rotation_dims": [3, 4, 5, 6, 7, 8],
    "chunk_length":       16,
    "sample_stride":      16,
    "dataset_name":       "bridge_20260416",
    "dataset_class":      "BridgeOrigLeRobotDataset",
    "dataset_root":       "/lustre/fsw/portfolios/cosmos/projects/cosmos_base_training/cosmos3_action_datasets/bridge_raw",
    "split":              "train",
    "num_samples_stats":  83036,
    "reservoir_size":     5000000
  },
  "global": {
    "mean": [-0.000094, -0.000394,  0.001623,  0.000000,  0.000000,  0.000000,  0.000000,  0.000000,  0.000000,  0.582683],
    "std":  [ 0.013297,  0.009985,  0.012079,  1.000000,  1.000000,  1.000000,  1.000000,  1.000000,  1.000000,  0.489959],
    "min":  [-0.309451, -0.074740, -0.082767, -1.000000, -1.000000, -1.000000, -1.000000, -1.000000, -1.000000,  0.000000],
    "max":  [ 0.127018,  0.414660,  0.493186,  1.000000,  1.000000,  1.000000,  1.000000,  1.000000,  1.000000,  1.000000],
    "q01":  [-0.038884, -0.028667, -0.037840, -1.000000, -1.000000, -1.000000, -1.000000, -1.000000, -1.000000,  0.000000],
    "q99":  [ 0.039722,  0.029068,  0.026702,  1.000000,  1.000000,  1.000000,  1.000000,  1.000000,  1.000000,  1.000000]
  },
  "global_raw": {
    "mean": [-0.000094, -0.000394,  0.001623,  0.998307, -0.001371,  0.000061,  0.001414,  0.998226, -0.000154,  0.582683],
    "std":  [ 0.013297,  0.009985,  0.012079,  0.004630,  0.050168,  0.029018,  0.050165,  0.004328,  0.031742,  0.489959],
    "min":  [-0.309451, -0.074740, -0.082767, -0.845782, -0.636628, -0.401535, -0.590214, -0.217448, -0.979635,  0.000000],
    "max":  [ 0.127018,  0.414660,  0.493186,  1.000000,  0.362611,  0.601211,  0.619479,  1.000000,  0.365993,  1.000000],
    "q01":  [-0.038884, -0.028667, -0.037840,  0.976292, -0.163098, -0.081545, -0.160193,  0.976322, -0.078872,  0.000000],
    "q99":  [ 0.039722,  0.029068,  0.026702,  1.000000,  0.160195,  0.081655,  0.163227,  1.000000,  0.095189,  1.000000]
  }
}
